model_id,x,y,embedding_input,method,family,branch,organization,param_count,mean_auc,auc_Yeast_H4,auc_enhancer,auc_5mC,auc_promoter_arabidopsis_TATA,auc_mouse_TFBS_3,auc_promoter_tata_300bps
lingxusb/megaDNA,1.6495519,5.358864,V_d,tsne,MegaDNA,ar_or_generative,lingxusb,145559182,0.8930338801632108,0.9496733317460077,0.7848500000000002,0.9305027964567438,0.9651231130908191,0.8857897438444853,0.8422642958412098
lingxusb/PlasmidGPT,-10.569488,17.7863,V_d,tsne,PlasmidGPT,ar_or_generative,lingxusb,109670400,0.785122942384946,0.8503738658642228,0.75735,0.5708368356394672,0.9038037202012702,0.8503386154024473,0.7780346172022685
InstaDeepAI/nucleotide-transformer-2.5b-multi-species,16.088139,-13.893061,V_d,tsne,NT,mlm_or_encoder,InstaDeepAI,2500000000,0.9131904712945151,0.9559992046485002,0.809375,0.9006591070735809,0.9766353212901097,0.9479492656433693,0.888524929111531
InstaDeepAI/nucleotide-transformer-2.5b-1000g,-18.608633,16.698238,V_d,tsne,NT,mlm_or_encoder,InstaDeepAI,2500000000,0.8864009867974282,0.9257728925296063,0.7883,0.8653457584378635,0.9715674750474306,0.9255170301193847,0.8419027646502835
InstaDeepAI/nucleotide-transformer-500m-human-ref,-10.3045435,1.9338477,V_d,tsne,NT,mlm_or_encoder,InstaDeepAI,485700308,0.8511055366058821,0.9168057687469078,0.8079000000000001,0.7290285949825422,0.9497958426132146,0.89687132614707,0.8062316871455576
InstaDeepAI/nucleotide-transformer-500m-1000g,6.1736054,-4.85855,V_d,tsne,NT,mlm_or_encoder,InstaDeepAI,485700308,0.855698623850692,0.9129676911672077,0.803125,0.7536531747058064,0.9490250969232038,0.9066241120659679,0.8087966682419659
InstaDeepAI/nucleotide-transformer-v2-50m-multi-species,7.6830397,-9.210859,V_d,tsne,NTv2,mlm_or_encoder,InstaDeepAI,55905164,0.879133882990919,0.9333971218745303,0.7918000000000001,0.807563768912453,0.9691495504413099,0.9254052621992616,0.8474875945179584
InstaDeepAI/nucleotide-transformer-v2-50m-3mer-multi-species,5.0067744,2.9176393,V_d,tsne,NTv2,mlm_or_encoder,InstaDeepAI,51772364,0.8848244368218522,0.9424497332786212,0.7829249999999999,0.859649796327428,0.971905159613957,0.9260924279303895,0.8259245037807184
InstaDeepAI/nucleotide-transformer-v2-100m-multi-species,3.3630571,-6.558634,V_d,tsne,NTv2,mlm_or_encoder,InstaDeepAI,97889484,0.8766018465171728,0.93520692648149,0.77245,0.8054260151299625,0.965450486678215,0.9238570695279253,0.8572205812854441
InstaDeepAI/nucleotide-transformer-v2-500m-multi-species,3.3557298,-10.33644,V_d,tsne,NTv2,mlm_or_encoder,InstaDeepAI,498346364,0.8836021447751174,0.9339725274446928,0.7853999999999999,0.8496136686926161,0.9637337086529737,0.9259516831420859,0.8429412807183364
InstaDeepAI/nucleotide-transformer-v2-250m-multi-species,4.036441,-7.6273613,V_d,tsne,NTv2,mlm_or_encoder,InstaDeepAI,235121356,0.8846209413214212,0.9423861980340802,0.7886,0.8338654144575196,0.9680668976325992,0.9173289950822114,0.8574781427221172
InstaDeepAI/NTv3_650M_pre,27.118721,-20.075218,V_d,tsne,NTv3,mlm_or_encoder,InstaDeepAI,651829819,0.8951982046421899,0.962215315666736,0.7712749999999999,0.8271975623949308,0.9729646127196239,0.964470220058616,0.8730665170132326
InstaDeepAI/NTv3_100M_pre,25.401615,-14.251291,V_d,tsne,NTv3,mlm_or_encoder,InstaDeepAI,106463611,0.891746815167064,0.9569216266373518,0.7936249999999999,0.8158177615414457,0.9775452651983833,0.9603513652244464,0.8462198724007561
InstaDeepAI/NTv3_8M_pre,24.142523,-14.181667,V_d,tsne,NTv3,mlm_or_encoder,InstaDeepAI,7692507,0.884685370229313,0.9562687545065696,0.76905,0.8356313849734902,0.9768054524457643,0.953620452701472,0.8167361767485822
InstaDeepAI/NTv3_650M_pre_8kb,27.133514,-21.595646,V_d,tsne,NTv3,mlm_or_encoder,InstaDeepAI,651829819,0.9072923951387537,0.9635478671577244,0.80285,0.8291777124013966,0.9801797203662461,0.9737345387710497,0.8942645321361058
InstaDeepAI/NTv3_100M_pre_8kb,26.183254,-18.910036,V_d,tsne,NTv3,mlm_or_encoder,InstaDeepAI,106463611,0.8989671953699293,0.9616966907636219,0.779525,0.8273107138238717,0.9834251010475954,0.9678977696090607,0.8739478969754253
InstaDeepAI/NTv3_8M_pre_8kb,24.4801,-15.402211,V_d,tsne,NTv3,mlm_or_encoder,InstaDeepAI,7692507,0.8859891698556498,0.958190853964346,0.7706749999999999,0.8312326231734126,0.9772668687618576,0.958654148659613,0.8199155245746691
InstaDeepAI/NTv3_5downsample_pre,28.941315,-21.473127,V_d,tsne,NTv3,mlm_or_encoder,InstaDeepAI,595169851,0.902615287066897,0.9616188020419089,0.7659499999999999,0.8517797103323419,0.9810664645714757,0.9651863626579239,0.8900903827977316
InstaDeepAI/NTv3_5downsample_pre_8kb,28.747238,-22.695879,V_d,tsne,NTv3,mlm_or_encoder,InstaDeepAI,595169851,0.9100300437386563,0.9632352568681387,0.8059999999999999,0.8525212563041511,0.9786485399653552,0.9707540609010978,0.8890211483931948
InstaDeepAI/agro-nucleotide-transformer-1b,20.885279,-1.4079674,V_d,tsne,AgroNT,mlm_or_encoder,InstaDeepAI,991261206,0.8430997842169101,0.9408689510647746,0.785875,0.644179167205483,0.9674069949682422,0.9029357707019026,0.8173328213610587
kuleshov-group/caduceus-ph_seqlen-131k_d_model-256_n_layer-16,-11.797031,-4.4393444,V_d,tsne,Caduceus,mlm_or_encoder,kuleshov-group,7725312,0.884701633913021,0.9410937518469548,0.79035,0.803567098797362,0.9720443578322198,0.9462686072889241,0.8548859877126653
kuleshov-group/caduceus-ph_seqlen-1k_d_model-118_n_layer-4_lr-8e-3,-16.10821,3.3795009,V_d,tsne,Caduceus,mlm_or_encoder,kuleshov-group,470702,0.8599849636540228,0.9273291894000416,0.7799,0.7443060584507952,0.9605605048255382,0.9318422664878381,0.8159717627599243
kuleshov-group/caduceus-ph_seqlen-1k_d_model-256_n_layer-4_lr-8e-3,-15.303563,1.8226075,V_d,tsne,Caduceus,mlm_or_encoder,kuleshov-group,1934592,0.8733538576992442,0.9308141292251995,0.7697,0.7810378410707358,0.9731914542604966,0.9369670326031163,0.8484126890359168
kuleshov-group/caduceus-ps_seqlen-131k_d_model-256_n_layer-16,-12.670125,-4.5072117,V_d,tsne,Caduceus,mlm_or_encoder,kuleshov-group,7725344,0.8866102313993073,0.943224398884819,0.793025,0.7998634100607784,0.9729800791883196,0.9450764161409435,0.865492084120983
kuleshov-group/caduceus-ps_seqlen-1k_d_model-256_n_layer-4_lr-8e-3,-16.211273,0.65917957,V_d,tsne,Caduceus,mlm_or_encoder,kuleshov-group,1934624,0.8801137007974275,0.9350492493131438,0.786725,0.7755217089098667,0.9761068836096676,0.9496133657874257,0.8576659971644613
kuleshov-group/caduceus-ps_seqlen-1k_d_model-118_n_layer-4_lr-8e-3,-17.015242,2.2541428,V_d,tsne,Caduceus,mlm_or_encoder,kuleshov-group,470734,0.8589845702949933,0.9299493322255826,0.7833499999999999,0.7151756271822062,0.9695491008826198,0.9344957197026145,0.8213876417769375
LongSafari/hyenadna-tiny-1k-seqlen,-12.869618,8.314314,V_d,tsne,HyenaDNA,ar_or_generative,LongSafari,1700000,0.8593370657548011,0.9209556122940064,0.7995000000000001,0.7385009860338808,0.9571578817124474,0.9176601592899839,0.8222477551984878
LongSafari/hyenadna-tiny-1k-seqlen-d256,-13.579703,6.986462,V_d,tsne,HyenaDNA,ar_or_generative,LongSafari,1700000,0.8684343145836461,0.9263879812425384,0.7909750000000001,0.7565850090521142,0.9721036459622207,0.9289735565380094,0.8355806947069944
LongSafari/hyenadna-tiny-16k-seqlen-d128,-11.522212,7.8876276,V_d,tsne,HyenaDNA,ar_or_generative,LongSafari,1700000,0.8441865827118354,0.9156315276659049,0.766675,0.7207665201086254,0.9597588261981357,0.8994916629410693,0.8027959593572779
LongSafari/hyenadna-small-32k-seqlen,-11.598806,5.0530696,V_d,tsne,HyenaDNA,ar_or_generative,LongSafari,6600000,0.8614033701713478,0.9244587050461759,0.8025000000000001,0.7055375501099186,0.9664326074404026,0.9326122232709089,0.8368791351606806
LongSafari/hyenadna-medium-160k-seqlen,-11.328424,6.571199,V_d,tsne,HyenaDNA,ar_or_generative,LongSafari,13200000,0.8750736245081588,0.9251753235020459,0.78795,0.7868570574162679,0.9709075723830735,0.9316684052787572,0.8478833884688091
LongSafari/hyenadna-medium-450k-seqlen,-9.655989,7.6344094,V_d,tsne,HyenaDNA,ar_or_generative,LongSafari,13200000,0.8630889851052007,0.9258505701707725,0.79325,0.7684800530195268,0.9722995545657016,0.8753001175632937,0.8433536153119092
LongSafari/hyenadna-large-1m-seqlen,-10.358509,9.068089,V_d,tsne,HyenaDNA,ar_or_generative,LongSafari,1000000,0.882996050302736,0.9273454426021335,0.78545,0.8190850090521142,0.9815742802936567,0.9237825575811767,0.8607390122873345
arcinstitute/evo2_40b_base,-10.664635,20.005436,V_d,tsne,Evo2,ar_or_generative,arcinstitute,40000000000,0.6539986300080781,0.6462619323833019,0.6977,0.5324360694426483,0.6743096799472078,0.6750120047025318,0.6982720935727789
arcinstitute/evo2_40b,-21.55004,21.834614,V_d,tsne,Evo2,ar_or_generative,arcinstitute,40000000000,0.7225756725075806,0.6650189719195329,0.796475,0.6376184048881418,0.8870535346036459,0.7649975990594937,0.5842905245746691
arcinstitute/evo2_20b,-22.360521,22.002417,V_d,tsne,Evo2,ar_or_generative,arcinstitute,20000000000,0.7171525891693636,0.6589848123325075,0.7975,0.6268508340876762,0.8763584715004537,0.7601419038630304,0.5830795132325142
arcinstitute/evo2_7b_base,28.6855,-31.448372,V_d,tsne,Evo2,ar_or_generative,arcinstitute,7000000000,0.8250326130547551,0.9427213939421571,0.8119249999999999,0.6833275410578041,0.945106924853584,0.8245905982481414,0.742524220226843
arcinstitute/evo2_7b_262k,29.80498,-32.25207,V_d,tsne,Evo2,ar_or_generative,arcinstitute,7000000000,0.8205974210922076,0.940188216301835,0.7997249999999999,0.647593915686021,0.9325816629547141,0.8733710860530193,0.730124645557656
arcinstitute/evo2_7b,28.69906,-33.015026,V_d,tsne,Evo2,ar_or_generative,arcinstitute,7000000000,0.8167636701690921,0.9328656210580708,0.8001499999999999,0.6568379833182465,0.9217886455497815,0.8614947096517809,0.727445061436673
arcinstitute/evo2_1b_base,1.645828,7.7592936,V_d,tsne,Evo2,ar_or_generative,arcinstitute,1000000000,0.7342200870482283,0.7470267194199168,0.785075,0.5581658961593172,0.8553292295636394,0.7629402414187075,0.6967834357277882
evo-design/evo-2-7b-8k-microviridae,-13.585562,-6.775343,V_d,tsne,Evo2,ar_or_generative,arcinstitute,7000000000,0.78847106815382,0.9088098265593363,0.809175,0.5971910157765421,0.8827023014105421,0.826739026046065,0.7062092391304347
evo-design/evo-1-7b-131k-microviridae,3.0445197,-2.7932894,V_d,tsne,Evo1,ar_or_generative,arcinstitute,6454878400,0.7572457351321731,0.8775321222375889,0.8069249999999999,0.5671695170050434,0.8237982553823312,0.777962677793784,0.6900868383742911
evo-design/evo-1.5-8k-base,16.660273,-19.446627,V_d,tsne,Evo1,ar_or_generative,arcinstitute,6452781248,0.7909976081239937,0.9173562668125657,0.7938999999999999,0.5655833764386397,0.8806246391157304,0.86690924444886,0.7216121219281664
togethercomputer/evo-1-8k-base,0.67500997,2.8742666,V_d,tsne,Evo1,ar_or_generative,arcinstitute,6442450944,0.7424306370027449,0.9026988336533314,0.7872,0.5773753717832665,0.8341298564711704,0.7130834699385691,0.6400962901701324
togethercomputer/evo-1-131k-base,15.781985,-18.362171,V_d,tsne,Evo1,ar_or_generative,arcinstitute,6442450944,0.7954309090655141,0.9263744720875527,0.80615,0.5967687184792447,0.876928153097418,0.8586673952279236,0.7076967155009453
LongSafari/evo-1-8k-crispr,-0.4391232,-2.4737635,V_d,tsne,Evo1,ar_or_generative,arcinstitute,6452781248,0.7503414690645832,0.8650032253107528,0.7868000000000002,0.5702589551273762,0.8134589210591439,0.7884812809431556,0.6780464319470699
LongSafari/evo-1-8k-transposon,-0.4391232,-2.4737635,V_d,tsne,Evo1,ar_or_generative,arcinstitute,6452781248,0.7503414690645832,0.8650032253107528,0.7868000000000002,0.5702589551273762,0.8134589210591439,0.7884812809431556,0.6780464319470699
zhihan1996/DNABERT-2-117M,-19.17089,8.068656,V_d,tsne,DNABERT-2,mlm_or_encoder,zhihan1996,120219904,0.8127822928989513,0.923234437875618,0.8013250000000001,0.6155114444588129,0.943882496081828,0.8629808090341595,0.7297595699432893
zhihan1996/DNABERT-S,-17.045084,28.978119,V_d,tsne,DNABERT-S,mlm_or_encoder,zhihan1996,117068544,0.8142663811505192,0.9233328014103558,0.7778999999999999,0.6415524376050692,0.9407324919574362,0.8696910237941483,0.7323895321361059
AIRI-Institute/moderngena-base,1.7175199,-7.7532682,V_d,tsne,ModernGENA,mlm_or_encoder,AIRI-Institute,136120832,0.856891141667942,0.9147468890949034,0.79375,0.7322392667787405,0.9549152437515467,0.9244200486811385,0.8212754017013233
AIRI-Institute/moderngena-large,14.900324,-11.359824,V_d,tsne,ModernGENA,mlm_or_encoder,AIRI-Institute,377841664,0.8411760746474787,0.9082453971775999,0.77355,0.7127145836027415,0.9535361502928319,0.9151805672842879,0.7838297495274102
AIRI-Institute/gena-lm-bert-base-lastln-t2t,11.990677,-7.1535306,V_d,tsne,GENA-LM,mlm_or_encoder,AIRI-Institute,135260928,0.8804501385629268,0.9280483408224713,0.8019250000000001,0.7958808838743049,0.970098160521323,0.9480900104316726,0.8386584357277883
AIRI-Institute/gena-lm-bert-base-t2t,11.485904,-5.822519,V_d,tsne,GENA-LM,mlm_or_encoder,AIRI-Institute,135259392,0.875354209820089,0.9237311104018806,0.78705,0.7834221033234191,0.9695671450960983,0.9477588462239002,0.8405960538752364
AIRI-Institute/gena-lm-bert-base,8.759692,-4.458943,V_d,tsne,GENA-LM,mlm_or_encoder,AIRI-Institute,135851522,0.876633315294654,0.9276213248766022,0.785825,0.7940179264192422,0.9644683659160275,0.9341438577318564,0.8537234168241966
AIRI-Institute/gena-lm-bert-base-t2t-multi,10.85602,-7.7848673,V_d,tsne,GENA-LM,mlm_or_encoder,AIRI-Institute,135259392,0.8818294243347937,0.9317648360073018,0.7979249999999999,0.7871965117030906,0.969309370617834,0.9504371367542594,0.854343690926276
AIRI-Institute/gena-lm-bert-large-t2t,13.30374,-6.5593557,V_d,tsne,GENA-LM,mlm_or_encoder,AIRI-Institute,369491968,0.8802055036982036,0.9287626373923277,0.790875,0.7754833182464761,0.9644168110203746,0.9508510920139751,0.870844163516068
AIRI-Institute/gena-lm-bigbird-base-t2t,12.674261,-8.688237,V_d,tsne,GENA-LM,mlm_or_encoder,AIRI-Institute,138606080,0.8564414615903444,0.9056632488504552,0.796775,0.7419642279839649,0.9533840633506558,0.9240433493947974,0.8168188799621927
AIRI-Institute/gena-lm-bert-base-fly,18.92897,-13.338803,V_d,tsne,GENA-LM,mlm_or_encoder,AIRI-Institute,135260928,0.8798749389495737,0.9474707062417363,0.7823249999999999,0.7752731798784431,0.9765605666914131,0.9523620287119369,0.8452581521739132
AIRI-Institute/gena-lm-bert-base-athaliana,4.4089046,7.425706,V_d,tsne,GENA-LM,mlm_or_encoder,AIRI-Institute,135260928,0.8631545556160756,0.9313454189611121,0.7762,0.7430836189059874,0.9896606656768127,0.9046661036875134,0.8339715264650285
AIRI-Institute/gena-lm-bert-base-yeast,-22.000237,28.350904,V_d,tsne,GENA-LM,mlm_or_encoder,AIRI-Institute,135260928,0.7947921711334538,0.9293768817830733,0.7834249999999999,0.626038568472779,0.9173703909923285,0.8125900352689881,0.6999521502835538
PoetschLab/GROVER,8.838176,-2.8670833,V_d,tsne,GROVER,mlm_or_encoder,PoetschLab,87570114,0.8671038447106474,0.9248791774950987,0.79535,0.7583166300271562,0.9619859976903407,0.9382461543556373,0.8238451086956521
kuleshov-group/PlantCAD2-Small-l24-d0768,25.583605,-0.22527449,V_d,tsne,PlantCaduceus,mlm_or_encoder,kuleshov-group,175980688,0.8884170475709195,0.9545427488766293,0.79695,0.8053431721194879,0.9873329621380846,0.9332869703442451,0.8530464319470701
kuleshov-group/PlantCAD2-Medium-l48-d1024,27.015564,0.08343066,V_d,tsne,PlantCaduceus,mlm_or_encoder,kuleshov-group,621025296,0.8850322169556907,0.956390970143079,0.792325,0.8005706064916591,0.9879619318650499,0.9264732667693276,0.8464715264650284
kuleshov-group/PlantCAD2-Large-l48-d1536,27.157845,-1.1536335,V_d,tsne,PlantCaduceus,mlm_or_encoder,kuleshov-group,1386851344,0.8885135504845132,0.9568602021982773,0.8061499999999999,0.8004433111341007,0.9898153303637713,0.9286920669614028,0.8491203922495274
GenerTeam/GENERator-v2-eukaryote-1.2b-base,22.16158,-29.71231,V_d,tsne,GENERator,ar_or_generative,GenerTeam,1162061824,0.9160398018093819,0.9572540784983222,0.7934750000000002,0.89978420406052,0.9838040295306443,0.9586375904492244,0.9032839083175804
GenerTeam/GENERator-v2-eukaryote-3b-base,23.507423,-31.186392,V_d,tsne,GENERator,ar_or_generative,GenerTeam,2998262784,0.9258188828698207,0.9574328637213333,0.8192999999999999,0.9258070121556963,0.9811025529984329,0.9662171112546156,0.9050537570888468
GenerTeam/GENERator-v2-prokaryote-1.2b-base,-0.26575425,4.4719143,V_d,tsne,GENERator,ar_or_generative,GenerTeam,1162061824,0.8475775736175143,0.9436858209597916,0.7999,0.8013444814431656,0.9369277406582529,0.8204924411769575,0.7831149574669187
GenerTeam/GENERator-v2-prokaryote-3b-base,-2.1668563,3.6299617,V_d,tsne,GENERator,ar_or_generative,GenerTeam,2998262784,0.8647661365519584,0.9462124551031678,0.796125,0.8417678294323031,0.9389512703126288,0.8722492672991904,0.7932909971644613
GenerTeam/GENERator-eukaryote-1.2b-base,22.97664,-28.760324,V_d,tsne,GENERator,ar_or_generative,GenerTeam,1162061824,0.9123506614793109,0.9560251675557379,0.7995000000000001,0.884785578042157,0.9815845912727872,0.9631248654645405,0.8890837665406427
GenerTeam/GENERator-eukaryote-3b-base,24.217049,-30.099722,V_d,tsne,GENERator,ar_or_generative,GenerTeam,2998262784,0.9195296385996374,0.9569104393683795,0.8134749999999998,0.902283638303375,0.9809685102697352,0.9659935754143693,0.8975466682419662
GenerTeam/GENERanno-prokaryote-0.5b-base,27.475515,-12.862304,V_d,tsne,GENERanno,mlm_or_encoder,GenerTeam,493395200,0.8817084154138367,0.9549843293802168,0.7957000000000001,0.7988127182206128,0.9727300379444033,0.9370953587336281,0.8309280482041588
GenerTeam/GENERanno-eukaryote-0.5b-base,1.5781951,-11.34857,V_d,tsne,GENERanno,mlm_or_encoder,GenerTeam,493395200,0.8500129962518695,0.9389059019809487,0.792325,0.7364703219966378,0.9596866493442217,0.8773988707300515,0.7952912334593574
DOEJGI/GenomeOcean-100M-v1.2,17.903408,-18.05486,V_d,tsne,GenomeOcean,ar_or_generative,DOEJGI,119556864,0.8707547235495641,0.9539789527365328,0.7639749999999998,0.7647157474460106,0.9649272044873382,0.9418351464573708,0.8350962901701324
DOEJGI/GenomeOcean-500M-v1.2,18.051579,-20.729622,V_d,tsne,GenomeOcean,ar_or_generative,DOEJGI,541109760,0.8839444626248475,0.9561883328182967,0.78505,0.7970730150006466,0.9688763094943496,0.944794926564337,0.8516841918714555
DOEJGI/GenomeOcean-500M,18.847033,-19.202494,V_d,tsne,GenomeOcean,ar_or_generative,DOEJGI,541109760,0.8824030266739168,0.9547985784991668,0.782375,0.7941674479503426,0.9710545038356843,0.9420421240872285,0.8499805056710775
DOEJGI/GenomeOcean-100M,17.071379,-16.89036,V_d,tsne,GenomeOcean,ar_or_generative,DOEJGI,119556864,0.8777694806568301,0.9557938232766119,0.7815500000000001,0.7843454998060262,0.9720959127278727,0.9323017568261223,0.8405298913043479
DOEJGI/GenomeOcean-4B,19.54295,-21.134058,V_d,tsne,GenomeOcean,ar_or_generative,DOEJGI,4253174784,0.8856784906711255,0.957783046348222,0.7880499999999999,0.7861680460364671,0.9724000866122248,0.942638219661219,0.86703154536862
DOEJGI/GenomeOcean-4B-bgcFM,15.1817045,-20.331972,V_d,tsne,GenomeOcean,ar_or_generative,DOEJGI,4253174784,0.8792286539634104,0.9500252030172698,0.791125,0.7823006918401655,0.9676828136599852,0.936776613183647,0.847461602079395
ZhejiangLab/Genos-10B-v2,-14.460605,33.759956,V_d,tsne,Genos,ar_or_generative,ZhejiangLab,10269200384,0.8866037169308743,0.9077523130206302,0.8287,0.8495490107332213,0.9598902911820507,0.9294578841918766,0.8442728024574668
ZhejiangLab/Genos-10B,-13.963682,34.535107,V_d,tsne,Genos,ar_or_generative,ZhejiangLab,10270248960,0.8923154127981832,0.9100028538089906,0.840275,0.8452229891374627,0.9660072795512662,0.939997185104234,0.8523871691871455
ZhejiangLab/Genos-1.2B,-18.749685,0.5742124,V_d,tsne,Genos,ar_or_generative,ZhejiangLab,1246094336,0.8659398847468603,0.9166947403793708,0.7958000000000001,0.7673889499547395,0.9530128681019551,0.9281332273607868,0.83460952268431
ZhejiangLab/OneGenome-Rice,22.253466,2.482848,V_d,tsne,OneGenome,ar_or_generative,ZhejiangLab,1246094336,0.851005834096549,0.9076535273247989,0.7842250000000001,0.7444414360532782,0.961563247545987,0.9077707681353799,0.8003810255198487
genbio-ai/AIDO.DNA-7B,24.169159,-21.10257,V_d,tsne,AIDO.DNA,mlm_or_encoder,genbio-ai,7000000000,0.8955860595416295,0.9564369857022481,0.8119,0.8422062912194491,0.9733641631609338,0.9365116818174292,0.8530972353497164
genbio-ai/AIDO.DNA-300M,19.724962,-14.41844,V_d,tsne,AIDO.DNA,mlm_or_encoder,genbio-ai,300264464,0.8969643969999578,0.9645133495780922,0.788675,0.8268581081081082,0.9822651158954054,0.945966419949332,0.8735083884688092
Mishamq/HybriDNA-300M,-11.86672,26.536669,V_d,tsne,HybriDNA,ar_or_generative,Mishamq,297534688,0.8287939984167011,0.8304162001786587,0.793775,0.7726969643088065,0.908165264373505,0.8989079860248704,0.7688025756143668
Mishamq/HybriDNA-3B,-7.5131354,21.829456,V_d,tsne,HybriDNA,ar_or_generative,Mishamq,3119400960,0.8946934034815327,0.950315860930004,0.816075,0.7791930686667529,0.9778932607440403,0.9575571672213666,0.887126063327032
Mishamq/HybriDNA-7B,-8.641129,25.45741,V_d,tsne,HybriDNA,ar_or_generative,Mishamq,6253397504,0.8429952129330213,0.8759507067821023,0.797325,0.7996027576619682,0.9200460900767137,0.9014993459506897,0.7635473771266541
living-models/Botanic0-L,23.767277,-1.8442903,V_d,tsne,Botanic0,ar_or_generative,living-models,991260405,0.8817735814987914,0.9477888046255347,0.806025,0.8239000064657961,0.9810999752536502,0.9236832083188449,0.8081444943289224
living-models/Botanic0-M,22.400152,-1.5456452,V_d,tsne,Botanic0,ar_or_generative,living-models,259901805,0.8888156475711413,0.9478360866679839,0.78695,0.8656831921634552,0.9756300008248784,0.9286796483036113,0.8281149574669188
living-models/Botanic0-S,20.214853,-4.157819,V_d,tsne,Botanic0,ar_or_generative,living-models,113630085,0.8922605273901404,0.9373838001590705,0.778075,0.8901239008146904,0.9761249278231461,0.9198499826138791,0.8520055529300568
RaphaelMourad/Mistral-DNA-v1-17M-goat-5races,-16.625483,21.056564,V_d,tsne,Mistral-DNA,ar_or_generative,RaphaelMourad,16797952,0.7151140407337319,0.7832114132095895,0.787525,0.5702811813009182,0.8011630784459292,0.6747470733363139,0.6737564981096408
RaphaelMourad/Mistral-DNA-v1-17M-cow-5races,-15.5191,22.174898,V_d,tsne,Mistral-DNA,ar_or_generative,RaphaelMourad,16797952,0.7295038417692249,0.8196118313179362,0.7811500000000001,0.5716288956420535,0.8407314608595232,0.6817263590151176,0.6821745037807183
RaphaelMourad/Mistral-DNA-v1-17M-pig-13races,-14.250071,21.696291,V_d,tsne,Mistral-DNA,ar_or_generative,RaphaelMourad,16797952,0.7560749499657892,0.8340987113954789,0.7903249999999999,0.5959180622009569,0.8604924523632764,0.7432483897140397,0.712367084120983
RaphaelMourad/Mistral-DNA-v1-138M-hg38,-17.546696,24.497934,V_d,tsne,Mistral-DNA,ar_or_generative,RaphaelMourad,138474240,0.6522743549122137,0.6752350592967471,0.736575,0.5158371589292643,0.6948594613544502,0.6725282731442386,0.6186111767485822
RaphaelMourad/Mistral-DNA-v1-17M-hg38,-12.635226,11.220729,V_d,tsne,Mistral-DNA,ar_or_generative,RaphaelMourad,16797952,0.8120933659253847,0.8661084430530015,0.794925,0.6746957034785982,0.9223377051884847,0.8286928948719222,0.7858004489603023
RaphaelMourad/Mistral-DNA-v1-1M-hg38,-15.253144,9.456108,V_d,tsne,Mistral-DNA,ar_or_generative,RaphaelMourad,985664,0.7652417340533012,0.824766629347626,0.7812,0.6311243210914264,0.890845397178916,0.7447634659645986,0.7187505907372401
RaphaelMourad/Mistral-DNA-v1-138M-lncRNA,-14.808529,20.24582,V_d,tsne,Mistral-DNA,ar_or_generative,RaphaelMourad,138474240,0.7336237875938862,0.7797503254862029,0.7878500000000002,0.5862820056899005,0.81989812752619,0.7341455135528951,0.6938167533081285
RaphaelMourad/Mistral-DNA-v1-417M-Athaliana,-21.330568,24.086323,V_d,tsne,Mistral-DNA,ar_or_generative,RaphaelMourad,421589760,0.6657346162922085,0.7103869359716714,0.665775,0.5310560261218156,0.7812113338282602,0.6905560247048499,0.615422377126654
RaphaelMourad/Mistral-DNA-v1-138M-virus,-11.235986,23.90741,V_d,tsne,Mistral-DNA,ar_or_generative,RaphaelMourad,138474240,0.5944237064486142,0.5974197936138848,0.6886999999999999,0.5172252844950214,0.5933659160273859,0.6009636878446178,0.568867556710775
RaphaelMourad/Mistral-DNA-v1-138M-noncoding,29.332937,-13.042721,V_d,tsne,Mistral-DNA,ar_or_generative,RaphaelMourad,138474240,0.8069298647587365,0.8308364615470346,0.779775,0.6845782684598474,0.908789078610905,0.8835875018627987,0.7540128780718336
RaphaelMourad/Mistral-DNA-v1-138M-bacteriophage,-12.640717,24.077295,V_d,tsne,Mistral-DNA,ar_or_generative,RaphaelMourad,138474240,0.6028566584580207,0.6004162930540992,0.6689,0.5048048946075263,0.6697934710880146,0.6357317901081252,0.5374935018903592
RaphaelMourad/Mistral-DNA-v1-138M-plasmid,-10.057367,22.672493,V_d,tsne,Mistral-DNA,ar_or_generative,RaphaelMourad,138474240,0.6587029529951741,0.6750955350554129,0.721525,0.5518718479244795,0.6938799183370453,0.6783526236484361,0.6314927930056711
RaphaelMourad/Mistral-DNA-v1-138M-yeast,-20.865032,26.744976,V_d,tsne,Mistral-DNA,ar_or_generative,RaphaelMourad,138474240,0.7072246572524645,0.790617174188733,0.7388250000000001,0.5195368065433855,0.8126340427286974,0.7126239796002848,0.6691109404536861
RaphaelMourad/Mistral-DNA-v1-138M-bacteria,-4.092999,9.937372,V_d,tsne,Mistral-DNA,ar_or_generative,RaphaelMourad,138474240,0.7144042532624235,0.7516082226849108,0.75515,0.5524699340488815,0.8323873009981028,0.6923567300846125,0.7024533317580341
RaphaelMourad/Mistral-DNA-v1-422M-hg38,-17.810663,18.296028,V_d,tsne,Mistral-DNA,ar_or_generative,RaphaelMourad,421589760,0.8506983197541412,0.9115384647858545,0.7973,0.7126034527350317,0.9547322238719789,0.9037347043531535,0.8242810727788279
RaphaelMourad/ModernBERT-DNA-v1-117M-Athaliana,-19.241245,26.137512,V_d,tsne,ModernBERT-DNA,mlm_or_encoder,RaphaelMourad,117005824,0.6632138434294502,0.6673129953005026,0.7210249999999999,0.5267239428423639,0.7224052421017899,0.7460591459275082,0.5957567344045368
RaphaelMourad/ModernBERT-DNA-v1-117M-hg38,-9.359657,5.0631847,V_d,tsne,ModernBERT-DNA,mlm_or_encoder,RaphaelMourad,117005824,0.8337786903776166,0.9035076943080864,0.793425,0.6679207616707618,0.9525514517858615,0.8621239216465485,0.8231433128544423
RaphaelMourad/ModernBert-DNA-v1-37M-virus,-11.809895,22.693527,V_d,tsne,ModernBERT-DNA,mlm_or_encoder,RaphaelMourad,36783616,0.7175569356285602,0.742276773878698,0.7926249999999999,0.5516374628216734,0.7979615194258847,0.7685990098190187,0.652241847826087
RaphaelMourad/ModernBERT-DNA-v1-37M-Athaliana,-23.494238,25.27179,V_d,tsne,ModernBERT-DNA,mlm_or_encoder,RaphaelMourad,36783616,0.6703268332023103,0.7183417174526463,0.68715,0.5254105780421571,0.7519152643735049,0.7600301359429074,0.5791133034026466
RaphaelMourad/ModernBERT-DNA-v1-37M-hg38,-16.792412,26.858868,V_d,tsne,ModernBERT-DNA,mlm_or_encoder,RaphaelMourad,36783616,0.6887707783859928,0.7172478980599164,0.714425,0.5364367806802017,0.7640023096593254,0.776095739572467,0.6244169423440453
RaphaelMourad/Jamba-DNA-v1-114M-hg38,-13.021073,4.238061,V_d,tsne,Jamba-DNA,ar_or_generative,RaphaelMourad,114216320,0.8491731838293114,0.9197011606052777,0.7818999999999999,0.6836164813138497,0.9587663944568176,0.9248422830460484,0.8262127835538753
plant-llms/PlantBiMoE,23.173157,0.31639653,V_d,tsne,PlantBiMoE,mlm_or_encoder,plant-llms,140784128,0.8831416997893283,0.9560120805618458,0.782475,0.7839393669985775,0.9865931493854656,0.935547166062292,0.8542834357277883
GenSLM-25M,-0.5960095,7.9737563,V_d,tsne,GenSLM,ar_or_generative,GenSLM,25000000,0.8187124537715601,0.8844568306509217,0.79135,0.7037352094917885,0.9313881671203498,0.8090176013776431,0.7923269139886578
GenSLM-250M,-1.7063771,7.3576217,V_d,tsne,GenSLM,ar_or_generative,GenSLM,250000000,0.8332770033831376,0.8883191824934861,0.7996249999999999,0.7344053084184663,0.9465891281036047,0.8338383587501865,0.7968850425330813
GenSLM-2.5B,-0.50706464,6.6172905,V_d,tsne,GenSLM,ar_or_generative,GenSLM,2500000000,0.8577640682538047,0.8951356065863885,0.7847500000000001,0.8168522888917625,0.955028664521983,0.8812113986720316,0.8136064508506616
Hengchang-Liu/D3LM-from-nt,6.7033324,-5.910465,V_d,tsne,D3LM,mlm_or_encoder,Hengchang-Liu,55905164,0.8832184453373992,0.9431270907528145,0.7893999999999999,0.8232089745247639,0.9684097376886909,0.9349055354097329,0.8402593336483932
Hengchang-Liu/D3LM-scratch,-8.619315,10.096239,V_d,tsne,D3LM,mlm_or_encoder,Hengchang-Liu,55905164,0.8586873230205744,0.9023921336190519,0.8117749999999999,0.8044177550756498,0.9477156025736204,0.8802510224694915,0.8055724243856334
JadenLong/MutBERT,-10.028215,-6.8259087,V_d,tsne,MutBERT,mlm_or_encoder,JadenLong,85663506,0.8981685232496104,0.9548055441572061,0.824525,0.8191860371136687,0.973085766724408,0.9496671799711888,0.8677416115311909
JadenLong/MutBERT-Multi,-8.493595,-6.758742,V_d,tsne,MutBERT,mlm_or_encoder,JadenLong,85663506,0.8864963088581912,0.949544783693099,0.7862,0.8182242499676708,0.9664815845912729,0.9515051413243257,0.8470220935727787
JadenLong/MutBERT-Human-Ref,-9.587942,-7.8503094,V_d,tsne,MutBERT,mlm_or_encoder,JadenLong,85663506,0.8982997255603392,0.9545541472261483,0.8166000000000001,0.8209115964050174,0.9733126082652809,0.9494312254731508,0.8749887759924385
HuggingFaceBio/Carbon-500M,21.599812,-27.970987,V_d,tsne,Carbon,ar_or_generative,HuggingFaceBio,511894528,0.9101119311604692,0.9558837435894838,0.800025,0.8714034010086642,0.9837859853171658,0.9481893596940043,0.9013840973534973
HuggingFaceBio/Carbon-3B,26.46136,-31.805214,V_d,tsne,Carbon,ar_or_generative,HuggingFaceBio,3451444224,0.9233890367837617,0.9566562983902153,0.79455,0.9171670923315661,0.9849021488080508,0.9676700942162171,0.9193885869565217
HuggingFaceBio/Carbon-8B,26.45543,-33.284557,V_d,tsne,Carbon,ar_or_generative,HuggingFaceBio,8255705088,0.9172279433913282,0.9555994180931491,0.8049,0.8818880932367774,0.9830564835436774,0.9666931598032885,0.9112305056710776
